Workbook

Sheet Configuration
B2: 1. Onglet "Configuration"
C3: 1.A. Sélectionnez le mois de la timesheet (taper [mois]/[année])
C4: 1.B. Encodez vos données personnelles et votre statut (interne ou externe), et votre société le cas échéant
C5: 1.C. Encodez votre horaire de travail hebdomadaire, le temps par jour est alors automatiquement calculé. (taper [heures]:[minutes])
B6: 2. Onglet "Prestations"
C7: 2.A. Ajoutez vos projets en sélectionnant leurs codes respectifs dans la colonne B (zone en bleu) Pour trouver les codes, consultez l'onglet "Codes projet" Si votre projet n'existe pas dans la liste, utilisez le code "AUTRE" et ajoutez une description adaptée
C8: 2.B. Encodez vos prestations en heures (Taper [heures]:[minutes])
C9: 2.C. Quand le total d'une journée correspond à votre horaire, l'en-tête de la colonne se met en vert)
B10: 3. Enregistrement
C11: Appliquer le format suivant au nom du fichier : "TS-[année:yyyy]-[mois:mm]-[Nom]-[Prenom].xlsx" Ex : TS-2020-01-Smith-John.xlsx
B13: Mois | D13: 0
B14: Nom | D14: Delcoigne
B15: Prénom | D15: Vincent
B16: Statut | D16: Externe
B17: Société | D17: Wavenet
B18: Temps de travail (hebdomadaire) | D18: 1.6666667
B19: Temps de travail (par jour) | D19: =IF(D18=0,"",D18/5) -> 0.33333333
D34: Interne
D35: Externe

Sheet Prestations
B2: Code projet | C2: Intitulé | D2: =Configuration!D13 -> 0 | E2: =D2+1 -> 1 | F2: =E2+1 -> 2 | G2: =F2+1 -> 3 | H2: =G2+1 -> 4 | I2: =H2+1 -> 5 | J2: =I2+1 -> 6 | K2: =J2+1 -> 7 | L2: =K2+1 -> 8 | ... AE2: =AD2+1 -> 27 | AF2: =IF(AF48,AE2+1,"") -> 28 | AG2: =IF(AG48,AF2+1,"") -> 29 | AH2: =IF(AH48,AG2+1,"") -> 30
C3: Jour férié
C4: Congé ou fermeture
C5: Temps partiel
C6: Autre absence
B7: BOHRXML | C7: =IF(ISBLANK(B7),"",VLOOKUP(B7,'Codes projet'!$A$2:$B$801,2,FALSE)) -> Back Office HRXML
B8: C107-01 | C8: =IF(ISBLANK(B8),"",VLOOKUP(B8,'Codes projet'!$A$2:$B$801,2,FALSE)) -> CRM
B9: C032-02 | C9: =IF(ISBLANK(B9),"",VLOOKUP(B9,'Codes projet'!$A$2:$B$801,2,FALSE)) -> Dossier unique - Employeur
B10: AUTRE | C10: OffresInsertion
C11: =IF(ISBLANK(B11),"",VLOOKUP(B11,'Codes projet'!$A$2:$B$801,2,FALSE))
C12: =IF(ISBLANK(B12),"",VLOOKUP(B12,'Codes projet'!$A$2:$B$801,2,FALSE))
C13: =IF(ISBLANK(B13),"",VLOOKUP(B13,'Codes projet'!$A$2:$B$801,2,FALSE))
C14: =IF(ISBLANK(B14),"",VLOOKUP(B14,'Codes projet'!$A$2:$B$801,2,FALSE))
C15: =IF(ISBLANK(B15),"",VLOOKUP(B15,'Codes projet'!$A$2:$B$801,2,FALSE))
C16: =IF(ISBLANK(B16),"",VLOOKUP(B16,'Codes projet'!$A$2:$B$801,2,FALSE))
C17: =IF(ISBLANK(B17),"",VLOOKUP(B17,'Codes projet'!$A$2:$B$801,2,FALSE))
C18: =IF(ISBLANK(B18),"",VLOOKUP(B18,'Codes projet'!$A$2:$B$801,2,FALSE))
C19: =IF(ISBLANK(B19),"",VLOOKUP(B19,'Codes projet'!$A$2:$B$801,2,FALSE))
C20: =IF(ISBLANK(B20),"",VLOOKUP(B20,'Codes projet'!$A$2:$B$801,2,FALSE))
C21: =IF(ISBLANK(B21),"",VLOOKUP(B21,'Codes projet'!$A$2:$B$801,2,FALSE))
C22: =IF(ISBLANK(B22),"",VLOOKUP(B22,'Codes projet'!$A$2:$B$801,2,FALSE))
... C35: =IF(ISBLANK(B35),"",VLOOKUP(B35,'Codes projet'!$A$2:$B$801,2,FALSE))
D36: =IF(D50<>D51,IF(D50>D51,TEXT(D50-D51,"-HH::MM"),TEXT(D51-D50,"HH::MM")),"") | E36: =IF(E50<>E51,IF(E50>E51,TEXT(E50-E51,"-HH::MM"),TEXT(E51-E50,"HH::MM")),"") | F36: =IF(F50<>F51,IF(F50>F51,TEXT(F50-F51,"-HH::MM"),TEXT(F51-F50,"HH::MM")),"") -> -08:00 | G36: =IF(G50<>G51,IF(G50>G51,TEXT(G50-G51,"-HH::MM"),TEXT(G51-G50,"HH::MM")),"") -> -08:00 | H36: =IF(H50<>H51,IF(H50>H51,TEXT(H50-H51,"-HH::MM"),TEXT(H51-H50,"HH::MM")),"") -> -08:00 | I36: =IF(I50<>I51,IF(I50>I51,TEXT(I50-I51,"-HH::MM"),TEXT(I51-I50,"HH::MM")),"") -> -08:00 | J36: =IF(J50<>J51,IF(J50>J51,TEXT(J50-J51,"-HH::MM"),TEXT(J51-J50,"HH::MM")),"") -> -08:00 | K36: =IF(K50<>K51,IF(K50>K51,TEXT(K50-K51,"-HH::MM"),TEXT(K51-K50,"HH::MM")),"") | ... AH36: =IF(AH50<>AH51,IF(AH50>AH51,TEXT(AH50-AH51,"-HH::MM"),TEXT(AH51-AH50,"HH::MM")),"") -> -08:00
C48: Jour existe | AF48: =MONTH(AE2+1)&YEAR(AE2+1)=MONTH($D2)&YEAR($D2) -> TRUE | AG48: =MONTH(AE2+2)&YEAR(AE2+2)=MONTH($D2)&YEAR($D2) -> TRUE | AH48: =MONTH(AE2+3)&YEAR(AE2+3)=MONTH($D2)&YEAR($D2) -> TRUE
C49: Week day | D49: =NOT(OR(WEEKDAY(D2)=7,WEEKDAY(D2)=1)) -> FALSE | E49: =NOT(OR(WEEKDAY(E2)=7,WEEKDAY(E2)=1)) -> FALSE | F49: =NOT(OR(WEEKDAY(F2)=7,WEEKDAY(F2)=1)) -> TRUE | G49: =NOT(OR(WEEKDAY(G2)=7,WEEKDAY(G2)=1)) -> TRUE | H49: =NOT(OR(WEEKDAY(H2)=7,WEEKDAY(H2)=1)) -> TRUE | I49: =NOT(OR(WEEKDAY(I2)=7,WEEKDAY(I2)=1)) -> TRUE | J49: =NOT(OR(WEEKDAY(J2)=7,WEEKDAY(J2)=1)) -> TRUE | K49: =NOT(OR(WEEKDAY(K2)=7,WEEKDAY(K2)=1)) -> FALSE | ... AE49: =NOT(OR(WEEKDAY(AE2)=7,WEEKDAY(AE2)=1)) -> TRUE | AF49: =IF(AF48,NOT(OR(WEEKDAY(AF2)=7,WEEKDAY(AF2)=1)),FALSE) -> FALSE | AG49: =IF(AG48,NOT(OR(WEEKDAY(AG2)=7,WEEKDAY(AG2)=1)),FALSE) -> FALSE | AH49: =IF(AH48,NOT(OR(WEEKDAY(AH2)=7,WEEKDAY(AH2)=1)),FALSE) -> TRUE
C50: Target | D50: =IF(D49,Configuration!$D$19,0) -> 0 | E50: =IF(E49,Configuration!$D$19,0) -> 0 | F50: =IF(F49,Configuration!$D$19,0) -> 0.33333333 | G50: =IF(G49,Configuration!$D$19,0) -> 0.33333333 | H50: =IF(H49,Configuration!$D$19,0) -> 0.33333333 | I50: =IF(I49,Configuration!$D$19,0) -> 0.33333333 | J50: =IF(J49,Configuration!$D$19,0) -> 0.33333333 | K50: =IF(K49,Configuration!$D$19,0) -> 0 | ... AH50: =IF(AH49,Configuration!$D$19,0) -> 0.33333333
C51: Total | D51: =SUM(D3:D35) -> 0 | E51: =SUM(E3:E35) -> 0 | F51: =SUM(F3:F35) -> 0 | G51: =SUM(G3:G35) -> 0 | H51: =SUM(H3:H35) -> 0 | I51: =SUM(I3:I35) -> 0 | J51: =SUM(J3:J35) -> 0 | K51: =SUM(K3:K35) -> 0 | ... AH51: =SUM(AH3:AH35) -> 0
C52: Total (hors absences) | D52: =IF(SUM(D7:D35)>0,SUM(D7:D35),"") | E52: =IF(SUM(E7:E35)>0,SUM(E7:E35),"") | F52: =IF(SUM(F7:F35)>0,SUM(F7:F35),"") | G52: =IF(SUM(G7:G35)>0,SUM(G7:G35),"") | H52: =IF(SUM(H7:H35)>0,SUM(H7:H35),"") | I52: =IF(SUM(I7:I35)>0,SUM(I7:I35),"") | J52: =IF(SUM(J7:J35)>0,SUM(J7:J35),"") | K52: =IF(SUM(K7:K35)>0,SUM(K7:K35),"") | ... AH52: =IF(SUM(AH7:AH35)>0,SUM(AH7:AH35),"")
C54: Férié | D54: =IF(D3>0,$C54&", ","") | E54: =IF(E3>0,$C54&", ","") | F54: =IF(F3>0,$C54&", ","") | G54: =IF(G3>0,$C54&", ","") | H54: =IF(H3>0,$C54&", ","") | I54: =IF(I3>0,$C54&", ","") | J54: =IF(J3>0,$C54&", ","") | K54: =IF(K3>0,$C54&", ","") | ... AH54: =IF(AH3>0,$C54&", ","")
C55: Congé | D55: =IF(D4>0,$C55&", ","") | E55: =IF(E4>0,$C55&", ","") | F55: =IF(F4>0,$C55&", ","") | G55: =IF(G4>0,$C55&", ","") | H55: =IF(H4>0,$C55&", ","") | I55: =IF(I4>0,$C55&", ","") | J55: =IF(J4>0,$C55&", ","") | K55: =IF(K4>0,$C55&", ","") | ... AH55: =IF(AH4>0,$C55&", ","")
C56: Temps partiel | D56: =IF(D5>0,$C56&", ","") | E56: =IF(E5>0,$C56&", ","") | F56: =IF(F5>0,$C56&", ","") | G56: =IF(G5>0,$C56&", ","") | H56: =IF(H5>0,$C56&", ","") | I56: =IF(I5>0,$C56&", ","") | J56: =IF(J5>0,$C56&", ","") | K56: =IF(K5>0,$C56&", ","") | ... AH56: =IF(AH5>0,$C56&", ","")
C57: Absence | D57: =IF(D6>0,$C57&", ","") | E57: =IF(E6>0,$C57&", ","") | F57: =IF(F6>0,$C57&", ","") | G57: =IF(G6>0,$C57&", ","") | H57: =IF(H6>0,$C57&", ","") | I57: =IF(I6>0,$C57&", ","") | J57: =IF(J6>0,$C57&", ","") | K57: =IF(K6>0,$C57&", ","") | ... AH57: =IF(AH6>0,$C57&", ","")

Sheet Résumé imprimable
D2: Timesheet
D3: =Configuration!D13 -> 0
C4: Société : | D4: =Configuration!D17 -> Wavenet | H4: Consultant : | I4: =Configuration!D15&" "&Configuration!D14 -> Vincent Delcoigne
C5: Date | D5: Heures | F5: Commentaires
C7: =Configuration!D13 -> 0 | D7: {=TRANSPOSE(Prestations!D52:AH52)} | F7: =IF(S7="","",LEFT(S7, LEN(S7)-2)) | O7: {=TRANSPOSE(Prestations!D54:AH57)} | S7: =O7&P7&Q7&R7
C8: =C7+1 -> 1 | F8: =IF(S8="","",LEFT(S8, LEN(S8)-2)) | S8: =O8&P8&Q8&R8
C9: =C8+1 -> 2 | F9: =IF(S9="","",LEFT(S9, LEN(S9)-2)) | S9: =O9&P9&Q9&R9
C10: =C9+1 -> 3 | F10: =IF(S10="","",LEFT(S10, LEN(S10)-2)) | S10: =O10&P10&Q10&R10
C11: =C10+1 -> 4 | F11: =IF(S11="","",LEFT(S11, LEN(S11)-2)) | S11: =O11&P11&Q11&R11
C12: =C11+1 -> 5 | F12: =IF(S12="","",LEFT(S12, LEN(S12)-2)) | S12: =O12&P12&Q12&R12
C13: =C12+1 -> 6 | F13: =IF(S13="","",LEFT(S13, LEN(S13)-2)) | S13: =O13&P13&Q13&R13
C14: =C13+1 -> 7 | F14: =IF(S14="","",LEFT(S14, LEN(S14)-2)) | S14: =O14&P14&Q14&R14
C15: =C14+1 -> 8 | F15: =IF(S15="","",LEFT(S15, LEN(S15)-2)) | S15: =O15&P15&Q15&R15
C16: =C15+1 -> 9 | F16: =IF(S16="","",LEFT(S16, LEN(S16)-2)) | S16: =O16&P16&Q16&R16
C17: =C16+1 -> 10 | F17: =IF(S17="","",LEFT(S17, LEN(S17)-2)) | S17: =O17&P17&Q17&R17
C18: =C17+1 -> 11 | F18: =IF(S18="","",LEFT(S18, LEN(S18)-2)) | S18: =O18&P18&Q18&R18
C19: =C18+1 -> 12 | F19: =IF(S19="","",LEFT(S19, LEN(S19)-2)) | S19: =O19&P19&Q19&R19
... C34: =C33+1 -> 27 | F34: =IF(S34="","",LEFT(S34, LEN(S34)-2)) | S34: =O34&P34&Q34&R34
C35: =IF(MONTH(C34+1)&YEAR(C34+1)=MONTH(C$7)&YEAR(C$7),C34+1,"") -> 28 | F35: =IF(S35="","",LEFT(S35, LEN(S35)-2)) | S35: =O35&P35&Q35&R35
C36: =IF(MONTH(C34+2)&YEAR(C34+2)=MONTH(C$7)&YEAR(C$7),C35+1,"") -> 29 | F36: =IF(S36="","",LEFT(S36, LEN(S36)-2)) | S36: =O36&P36&Q36&R36
C37: =IF(MONTH(C34+3)&YEAR(C34+3)=MONTH(C$7)&YEAR(C$7),C36+1,"") -> 30 | F37: =IF(S37="","",LEFT(S37, LEN(S37)-2)) | S37: =O37&P37&Q37&R37
D40: =SUM(D7:D37) -> 0 | F40: heures de prestations
C43: Remarques : | H43: Accord du client concernant les prestations
H44: (votre accord n'implique pas nécessairement la facturation)
H45: Date, nom et signature
H46: Marguerite Frébutte

Sheet Reporting
B2: =Configuration!D13 -> 0
B4: Nom | C4: =Configuration!D14 -> Delcoigne
B5: Prénom | C5: =Configuration!D15 -> Vincent
B6: Statut | C6: =Configuration!D16 -> Externe | L6: =Configuration!D16=Configuration!D34 -> FALSE
B7: Société | C7: =Configuration!D17 -> Wavenet
B8: Horaire | C8: =Configuration!D19 -> 0.33333333
E11: Heures | F11: Jours | G11: % | K11: Total | L11: Not Empty
C12: Absences | E12: =IF(L12,SUM(Prestations!D3:AH6),"") | F12: =IF(L12,E12/C$8,"") | G12: =IF(AND(L12,L$6),E12/E$43,"") | K12: =SUM(Prestations!D3:AH6) -> 0 | L12: =K12>0 -> FALSE
B13: =IF(ISBLANK(Prestations!B7),"",Prestations!B7) -> BOHRXML | C13: =Prestations!C7 -> Back Office HRXML | E13: =IF(L13,SUM(Prestations!D7:AH7),"") | F13: =IF(L13,E13/C$8,"") | G13: =IF(L13,E13/E$43,"") | K13: =SUM(Prestations!D7:AH7) -> 0 | L13: =K13>0 -> FALSE
B14: =IF(ISBLANK(Prestations!B8),"",Prestations!B8) -> C107-01 | C14: =Prestations!C8 -> CRM | E14: =IF(L14,SUM(Prestations!D8:AH8),"") | F14: =IF(L14,E14/C$8,"") | G14: =IF(L14,E14/E$43,"") | K14: =SUM(Prestations!D8:AH8) -> 0 | L14: =K14>0 -> FALSE
B15: =IF(ISBLANK(Prestations!B9),"",Prestations!B9) -> C032-02 | C15: =Prestations!C9 -> Dossier unique - Employeur | E15: =IF(L15,SUM(Prestations!D9:AH9),"") | F15: =IF(L15,E15/C$8,"") | G15: =IF(L15,E15/E$43,"") | K15: =SUM(Prestations!D9:AH9) -> 0 | L15: =K15>0 -> FALSE
B16: =IF(ISBLANK(Prestations!B10),"",Prestations!B10) -> AUTRE | C16: =Prestations!C10 -> OffresInsertion | E16: =IF(L16,SUM(Prestations!D10:AH10),"") | F16: =IF(L16,E16/C$8,"") | G16: =IF(L16,E16/E$43,"") | K16: =SUM(Prestations!D10:AH10) -> 0 | L16: =K16>0 -> FALSE
B17: =IF(ISBLANK(Prestations!B11),"",Prestations!B11) | C17: =Prestations!C11 | E17: =IF(L17,SUM(Prestations!D11:AH11),"") | F17: =IF(L17,E17/C$8,"") | G17: =IF(L17,E17/E$43,"") | K17: =SUM(Prestations!D11:AH11) -> 0 | L17: =K17>0 -> FALSE
B18: =IF(ISBLANK(Prestations!B12),"",Prestations!B12) | C18: =Prestations!C12 | E18: =IF(L18,SUM(Prestations!D12:AH12),"") | F18: =IF(L18,E18/C$8,"") | G18: =IF(L18,E18/E$43,"") | K18: =SUM(Prestations!D12:AH12) -> 0 | L18: =K18>0 -> FALSE
B19: =IF(ISBLANK(Prestations!B13),"",Prestations!B13) | C19: =Prestations!C13 | E19: =IF(L19,SUM(Prestations!D13:AH13),"") | F19: =IF(L19,E19/C$8,"") | G19: =IF(L19,E19/E$43,"") | K19: =SUM(Prestations!D13:AH13) -> 0 | L19: =K19>0 -> FALSE
B20: =IF(ISBLANK(Prestations!B14),"",Prestations!B14) | C20: =Prestations!C14 | E20: =IF(L20,SUM(Prestations!D14:AH14),"") | F20: =IF(L20,E20/C$8,"") | G20: =IF(L20,E20/E$43,"") | K20: =SUM(Prestations!D14:AH14) -> 0 | L20: =K20>0 -> FALSE
B21: =IF(ISBLANK(Prestations!B15),"",Prestations!B15) | C21: =Prestations!C15 | E21: =IF(L21,SUM(Prestations!D15:AH15),"") | F21: =IF(L21,E21/C$8,"") | G21: =IF(L21,E21/E$43,"") | K21: =SUM(Prestations!D15:AH15) -> 0 | L21: =K21>0 -> FALSE
B22: =IF(ISBLANK(Prestations!B16),"",Prestations!B16) | C22: =Prestations!C16 | E22: =IF(L22,SUM(Prestations!D16:AH16),"") | F22: =IF(L22,E22/C$8,"") | G22: =IF(L22,E22/E$43,"") | K22: =SUM(Prestations!D16:AH16) -> 0 | L22: =K22>0 -> FALSE
B23: =IF(ISBLANK(Prestations!B17),"",Prestations!B17) | C23: =Prestations!C17 | E23: =IF(L23,SUM(Prestations!D17:AH17),"") | F23: =IF(L23,E23/C$8,"") | G23: =IF(L23,E23/E$43,"") | K23: =SUM(Prestations!D17:AH17) -> 0 | L23: =K23>0 -> FALSE
B24: =IF(ISBLANK(Prestations!B18),"",Prestations!B18) | C24: =Prestations!C18 | E24: =IF(L24,SUM(Prestations!D18:AH18),"") | F24: =IF(L24,E24/C$8,"") | G24: =IF(L24,E24/E$43,"") | K24: =SUM(Prestations!D18:AH18) -> 0 | L24: =K24>0 -> FALSE
... B41: =IF(ISBLANK(Prestations!B35),"",Prestations!B35) | C41: =Prestations!C35 | E41: =IF(L41,SUM(Prestations!D35:AH35),"") | F41: =IF(L41,E41/C$8,"") | G41: =IF(L41,E41/E$43,"") | K41: =SUM(Prestations!D35:AH35) -> 0 | L41: =K41>0 -> FALSE
C42: Total | E42: =SUM(E12:E41) -> 0 | F42: =SUM(F12:F41) -> 0
C43: ="Total à prendre en compte ("&C6&")" -> Total à prendre en compte (Externe) | E43: =SUM(E13:E41)+IF(AND($L$6,E12<>""),E12,0) -> 0 | F43: =SUM(F13:F41)+IF(AND($L$6,F12<>""),F12,0) -> 0

Sheet Codes projet
A1: Code | B1: Intitulé
A2: AUTRE | B2: [Décrivez le projet] | C2: NE PAS DÉCRIRE LE PROJET ICI ! Il faut le décrire directement dans la feuille prestations.
A3: ADMIN | B3: Administration
A4: ADMINBUD | B4: Estimation et suivi budgétaire
A5: ARCHMARQ | B5: 244021 - Architecture des marques
A6: BCLN | B6: Bilan de Compétences Linguistiques et Numériques / ELAO
A7: BCSS | B7: Traitement des flux
A8: BI | B8: Reporting BO
A9: BOACC | B9: BOAccount
A10: BOHRXML | B10: Back Office HRXML
A11: C008 | B11: Dématérialisation des documents (Irisnext)
A12: C032-01 | B12: Dossier unique - CE
A13: C032-02 | B13: Dossier unique - Employeur
A14: C032-03 | B14: Dossier unique - Matching
... A47: TICK | B47: Ticketing
